event_id,timestamp,job_id,node_id,checkpoint_path,checkpoint_size_gb,duration_sec,status,error_type
ckpt-000566,2026-04-01T01:43:00Z,job-00001,gpu-node-07,/ckpt/team-16/job-00001/step-000566,128.4,52,success,
ckpt-000377,2026-04-01T01:51:00Z,job-00003,gpu-node-11,/ckpt/team-16/job-00003/step-000377,115.3,61,success,
ckpt-000378,2026-04-01T02:36:00Z,job-00003,gpu-node-11,/ckpt/team-16/job-00003/step-000378,171.2,44,success,
ckpt-000567,2026-04-01T02:43:00Z,job-00001,gpu-node-07,/ckpt/team-16/job-00001/step-000567,18.3,59,success,
ckpt-000379,2026-04-01T03:21:00Z,job-00003,gpu-node-11,/ckpt/team-16/job-00003/step-000379,57.6,48,success,
ckpt-000380,2026-04-01T04:06:00Z,job-00003,gpu-node-11,/ckpt/team-16/job-00003/step-000380,57.9,41,success,
ckpt-000381,2026-04-01T04:51:00Z,job-00003,gpu-node-11,/ckpt/team-16/job-00003/step-000381,114.6,45,success,
ckpt-000555,2026-04-01T05:15:00Z,job-00004,gpu-node-03,/ckpt/team-06/job-00004/step-000555,16.4,14,success,
ckpt-000556,2026-04-01T06:00:00Z,job-00004,gpu-node-03,/ckpt/team-06/job-00004/step-000556,147.7,49,success,
ckpt-000514,2026-04-01T08:53:00Z,job-00014,gpu-node-02,/ckpt/team-03/job-00014/step-000514,22.8,27,success,
ckpt-000515,2026-04-01T09:23:00Z,job-00014,gpu-node-02,/ckpt/team-03/job-00014/step-000515,35.6,58,success,
ckpt-000516,2026-04-01T09:53:00Z,job-00014,gpu-node-02,/ckpt/team-03/job-00014/step-000516,22.7,44,success,
ckpt-000517,2026-04-01T10:23:00Z,job-00014,gpu-node-02,/ckpt/team-03/job-00014/step-000517,86.6,66,success,
ckpt-000382,2026-04-01T16:18:00Z,job-00024,gpu-node-04,/ckpt/team-08/job-00024/step-000382,105.8,64,success,
ckpt-000383,2026-04-01T17:03:00Z,job-00024,gpu-node-04,/ckpt/team-08/job-00024/step-000383,110.0,67,success,
ckpt-000384,2026-04-01T17:48:00Z,job-00024,gpu-node-04,/ckpt/team-08/job-00024/step-000384,77.6,43,success,
ckpt-000466,2026-04-01T18:05:00Z,job-00032,gpu-node-01,/ckpt/team-23/job-00032/step-000466,57.1,46,success,
ckpt-000385,2026-04-01T18:33:00Z,job-00024,gpu-node-04,/ckpt/team-08/job-00024/step-000385,84.1,62,success,
ckpt-000467,2026-04-01T18:35:00Z,job-00032,gpu-node-01,/ckpt/team-23/job-00032/step-000467,111.7,10,success,
ckpt-000425,2026-04-01T18:48:00Z,job-00033,gpu-node-10,/ckpt/team-12/job-00033/step-000425,178.8,47,success,
ckpt-000468,2026-04-01T19:05:00Z,job-00032,gpu-node-01,/ckpt/team-23/job-00032/step-000468,94.2,83,success,
ckpt-000386,2026-04-01T19:18:00Z,job-00024,gpu-node-04,/ckpt/team-08/job-00024/step-000386,44.8,49,success,
ckpt-000152,2026-04-01T19:21:00Z,job-00038,gpu-node-04,/ckpt/team-19/job-00038/step-000152,171.6,57,success,
ckpt-000426,2026-04-01T19:33:00Z,job-00033,gpu-node-10,/ckpt/team-12/job-00033/step-000426,152.6,24,success,
ckpt-000469,2026-04-01T19:35:00Z,job-00032,gpu-node-01,/ckpt/team-23/job-00032/step-000469,160.2,6,success,
ckpt-000074,2026-04-01T19:40:00Z,job-00037,gpu-node-01,/ckpt/team-13/job-00037/step-000074,154.2,48,success,
ckpt-000153,2026-04-01T19:51:00Z,job-00038,gpu-node-04,/ckpt/team-19/job-00038/step-000153,13.0,46,success,
ckpt-000387,2026-04-01T20:03:00Z,job-00024,gpu-node-04,/ckpt/team-08/job-00024/step-000387,22.8,33,success,
ckpt-000427,2026-04-01T20:18:00Z,job-00033,gpu-node-10,/ckpt/team-12/job-00033/step-000427,69.4,36,success,
ckpt-000154,2026-04-01T20:21:00Z,job-00038,gpu-node-04,/ckpt/team-19/job-00038/step-000154,140.3,42,success,
ckpt-000403,2026-04-01T20:39:00Z,job-00041,gpu-node-03,/ckpt/team-21/job-00041/step-000403,18.7,11,success,
ckpt-000388,2026-04-01T20:48:00Z,job-00024,gpu-node-04,/ckpt/team-08/job-00024/step-000388,171.8,64,success,
ckpt-000155,2026-04-01T20:51:00Z,job-00038,gpu-node-04,/ckpt/team-19/job-00038/step-000155,43.3,39,success,
ckpt-000428,2026-04-01T21:03:00Z,job-00033,gpu-node-10,/ckpt/team-12/job-00033/step-000428,64.8,52,success,
ckpt-000156,2026-04-01T21:21:00Z,job-00038,gpu-node-04,/ckpt/team-19/job-00038/step-000156,119.3,34,success,
ckpt-000404,2026-04-01T21:24:00Z,job-00041,gpu-node-03,/ckpt/team-21/job-00041/step-000404,117.2,66,success,
ckpt-000389,2026-04-01T21:33:00Z,job-00024,gpu-node-04,/ckpt/team-08/job-00024/step-000389,51.7,47,success,
ckpt-000429,2026-04-01T21:48:00Z,job-00033,gpu-node-10,/ckpt/team-12/job-00033/step-000429,48.9,33,success,
ckpt-000157,2026-04-01T21:51:00Z,job-00038,gpu-node-04,/ckpt/team-19/job-00038/step-000157,34.5,70,success,
ckpt-000390,2026-04-01T22:18:00Z,job-00024,gpu-node-04,/ckpt/team-08/job-00024/step-000390,114.5,59,success,
ckpt-000430,2026-04-01T22:33:00Z,job-00033,gpu-node-10,/ckpt/team-12/job-00033/step-000430,137.6,62,success,
ckpt-000431,2026-04-01T23:18:00Z,job-00033,gpu-node-10,/ckpt/team-12/job-00033/step-000431,82.7,70,success,
ckpt-000432,2026-04-02T00:03:00Z,job-00033,gpu-node-10,/ckpt/team-12/job-00033/step-000432,80.8,51,success,
ckpt-000433,2026-04-02T00:48:00Z,job-00033,gpu-node-10,/ckpt/team-12/job-00033/step-000433,70.2,46,success,
ckpt-000434,2026-04-02T01:33:00Z,job-00033,gpu-node-10,/ckpt/team-12/job-00033/step-000434,24.6,54,success,
ckpt-000435,2026-04-02T02:18:00Z,job-00033,gpu-node-10,/ckpt/team-12/job-00033/step-000435,74.2,52,success,
ckpt-000596,2026-04-02T02:38:00Z,job-00051,gpu-node-05,/ckpt/team-19/job-00051/step-000596,127.4,48,success,
ckpt-000436,2026-04-02T03:03:00Z,job-00033,gpu-node-10,/ckpt/team-12/job-00033/step-000436,149.0,32,success,
ckpt-000597,2026-04-02T03:23:00Z,job-00051,gpu-node-05,/ckpt/team-19/job-00051/step-000597,31.7,38,success,
ckpt-000437,2026-04-02T03:48:00Z,job-00033,gpu-node-10,/ckpt/team-12/job-00033/step-000437,102.6,34,success,
ckpt-000226,2026-04-02T04:06:00Z,job-00055,gpu-node-12,/ckpt/team-17/job-00055/step-000226,36.1,31,success,
ckpt-000598,2026-04-02T04:08:00Z,job-00051,gpu-node-05,/ckpt/team-19/job-00051/step-000598,129.7,46,success,
ckpt-000227,2026-04-02T04:36:00Z,job-00055,gpu-node-12,/ckpt/team-17/job-00055/step-000227,14.3,34,success,
ckpt-000228,2026-04-02T05:06:00Z,job-00055,gpu-node-12,/ckpt/team-17/job-00055/step-000228,168.2,55,success,
ckpt-000031,2026-04-02T05:14:00Z,job-00050,gpu-node-03,/ckpt/team-19/job-00050/step-000031,165.3,23,success,
ckpt-000032,2026-04-02T06:14:00Z,job-00050,gpu-node-03,/ckpt/team-19/job-00050/step-000032,84.2,49,success,
ckpt-000033,2026-04-02T07:14:00Z,job-00050,gpu-node-03,/ckpt/team-19/job-00050/step-000033,152.3,38,success,
ckpt-000034,2026-04-02T08:14:00Z,job-00050,gpu-node-03,/ckpt/team-19/job-00050/step-000034,148.0,58,success,
ckpt-000035,2026-04-02T09:14:00Z,job-00050,gpu-node-03,/ckpt/team-19/job-00050/step-000035,113.0,53,success,
ckpt-000036,2026-04-02T10:14:00Z,job-00050,gpu-node-03,/ckpt/team-19/job-00050/step-000036,69.2,12,success,
ckpt-000337,2026-04-02T10:25:00Z,job-00062,gpu-node-10,/ckpt/team-15/job-00062/step-000337,83.2,58,success,
ckpt-000338,2026-04-02T11:10:00Z,job-00062,gpu-node-10,/ckpt/team-15/job-00062/step-000338,90.2,36,success,
ckpt-000037,2026-04-02T11:14:00Z,job-00050,gpu-node-03,/ckpt/team-19/job-00050/step-000037,179.1,31,success,
ckpt-000339,2026-04-02T11:55:00Z,job-00062,gpu-node-10,/ckpt/team-15/job-00062/step-000339,85.5,59,success,
ckpt-000038,2026-04-02T12:14:00Z,job-00050,gpu-node-03,/ckpt/team-19/job-00050/step-000038,130.5,41,success,
ckpt-000391,2026-04-02T14:16:00Z,job-00071,gpu-node-05,/ckpt/team-03/job-00071/step-000391,32.0,73,success,
ckpt-000601,2026-04-02T20:52:00Z,job-00088,gpu-node-01,/ckpt/team-24/job-00088/step-000601,179.6,54,success,
ckpt-000158,2026-04-02T21:38:00Z,job-00087,gpu-node-07,/ckpt/team-18/job-00087/step-000158,155.2,88,success,
ckpt-000602,2026-04-02T22:22:00Z,job-00088,gpu-node-01,/ckpt/team-24/job-00088/step-000602,178.5,52,success,
ckpt-000159,2026-04-02T23:08:00Z,job-00087,gpu-node-07,/ckpt/team-18/job-00087/step-000159,172.5,47,success,
ckpt-000603,2026-04-02T23:52:00Z,job-00088,gpu-node-01,/ckpt/team-24/job-00088/step-000603,98.3,21,success,
ckpt-000160,2026-04-03T00:38:00Z,job-00087,gpu-node-07,/ckpt/team-18/job-00087/step-000160,174.9,50,success,
ckpt-000608,2026-04-03T03:17:00Z,job-00100,gpu-node-08,/ckpt/team-24/job-00100/step-000608,30.2,53,success,
ckpt-000568,2026-04-03T03:19:00Z,job-00101,gpu-node-07,/ckpt/team-04/job-00101/step-000568,150.2,69,success,
ckpt-000569,2026-04-03T03:49:00Z,job-00101,gpu-node-07,/ckpt/team-04/job-00101/step-000569,30.8,46,success,
ckpt-000570,2026-04-03T04:19:00Z,job-00101,gpu-node-07,/ckpt/team-04/job-00101/step-000570,90.1,57,success,
ckpt-000571,2026-04-03T04:49:00Z,job-00101,gpu-node-07,/ckpt/team-04/job-00101/step-000571,26.2,46,success,
ckpt-000572,2026-04-03T05:19:00Z,job-00101,gpu-node-07,/ckpt/team-04/job-00101/step-000572,29.0,32,success,
ckpt-000573,2026-04-03T05:49:00Z,job-00101,gpu-node-07,/ckpt/team-04/job-00101/step-000573,157.9,30,success,
ckpt-000574,2026-04-03T06:19:00Z,job-00101,gpu-node-07,/ckpt/team-04/job-00101/step-000574,38.8,60,success,
ckpt-000575,2026-04-03T06:49:00Z,job-00101,gpu-node-07,/ckpt/team-04/job-00101/step-000575,88.4,51,success,
ckpt-000576,2026-04-03T07:19:00Z,job-00101,gpu-node-07,/ckpt/team-04/job-00101/step-000576,89.6,34,success,
ckpt-000412,2026-04-03T07:27:00Z,job-00110,gpu-node-10,/ckpt/team-21/job-00110/step-000412,160.9,45,success,
ckpt-000577,2026-04-03T07:49:00Z,job-00101,gpu-node-07,/ckpt/team-04/job-00101/step-000577,120.0,41,success,
ckpt-000413,2026-04-03T07:57:00Z,job-00110,gpu-node-10,/ckpt/team-21/job-00110/step-000413,124.4,25,success,
ckpt-000578,2026-04-03T08:19:00Z,job-00101,gpu-node-07,/ckpt/team-04/job-00101/step-000578,64.5,46,success,
ckpt-000414,2026-04-03T08:27:00Z,job-00110,gpu-node-10,/ckpt/team-21/job-00110/step-000414,156.4,53,success,
ckpt-000579,2026-04-03T08:49:00Z,job-00101,gpu-node-07,/ckpt/team-04/job-00101/step-000579,155.6,33,success,
ckpt-000250,2026-04-03T09:04:00Z,job-00111,gpu-node-11,/ckpt/team-01/job-00111/step-000250,172.5,48,success,
ckpt-000580,2026-04-03T09:19:00Z,job-00101,gpu-node-07,/ckpt/team-04/job-00101/step-000580,179.9,52,success,
ckpt-000581,2026-04-03T09:49:00Z,job-00101,gpu-node-07,/ckpt/team-04/job-00101/step-000581,28.5,34,success,
ckpt-000582,2026-04-03T10:19:00Z,job-00101,gpu-node-07,/ckpt/team-04/job-00101/step-000582,14.7,47,success,
ckpt-000251,2026-04-03T10:34:00Z,job-00111,gpu-node-11,/ckpt/team-01/job-00111/step-000251,23.3,45,success,
ckpt-000252,2026-04-03T12:04:00Z,job-00111,gpu-node-11,/ckpt/team-01/job-00111/step-000252,99.4,73,success,
ckpt-000253,2026-04-03T13:34:00Z,job-00111,gpu-node-11,/ckpt/team-01/job-00111/step-000253,94.9,60,success,
ckpt-000254,2026-04-03T15:04:00Z,job-00111,gpu-node-11,/ckpt/team-01/job-00111/step-000254,62.6,43,success,
ckpt-000464,2026-04-03T17:28:00Z,job-00120,gpu-node-11,/ckpt/team-14/job-00120/step-000464,153.6,20,success,
ckpt-000465,2026-04-03T18:58:00Z,job-00120,gpu-node-11,/ckpt/team-14/job-00120/step-000465,147.2,33,success,
ckpt-000424,2026-04-03T19:05:00Z,job-00125,gpu-node-10,/ckpt/team-18/job-00125/step-000424,155.2,44,success,
ckpt-000149,2026-04-03T22:15:00Z,job-00131,gpu-node-12,/ckpt/team-07/job-00131/step-000149,26.5,45,success,
ckpt-000323,2026-04-04T01:20:00Z,job-00135,gpu-node-06,/ckpt/team-20/job-00135/step-000323,149.0,46,success,
ckpt-000324,2026-04-04T01:50:00Z,job-00135,gpu-node-06,/ckpt/team-20/job-00135/step-000324,160.2,40,success,
ckpt-000611,2026-04-04T02:02:00Z,job-00141,gpu-node-09,/ckpt/team-03/job-00141/step-000611,170.3,49,success,
ckpt-000325,2026-04-04T02:20:00Z,job-00135,gpu-node-06,/ckpt/team-20/job-00135/step-000325,60.7,44,success,
ckpt-000326,2026-04-04T02:50:00Z,job-00135,gpu-node-06,/ckpt/team-20/job-00135/step-000326,34.9,15,success,
ckpt-000327,2026-04-04T03:20:00Z,job-00135,gpu-node-06,/ckpt/team-20/job-00135/step-000327,15.8,44,success,
ckpt-000612,2026-04-04T03:32:00Z,job-00141,gpu-node-09,/ckpt/team-03/job-00141/step-000612,102.1,39,success,
ckpt-000328,2026-04-04T03:50:00Z,job-00135,gpu-node-06,/ckpt/team-20/job-00135/step-000328,22.7,24,success,
ckpt-000329,2026-04-04T04:20:00Z,job-00135,gpu-node-06,/ckpt/team-20/job-00135/step-000329,58.1,52,success,
ckpt-000330,2026-04-04T04:50:00Z,job-00135,gpu-node-06,/ckpt/team-20/job-00135/step-000330,109.1,39,success,
ckpt-000613,2026-04-04T05:02:00Z,job-00141,gpu-node-09,/ckpt/team-03/job-00141/step-000613,102.1,17,success,
ckpt-000331,2026-04-04T05:20:00Z,job-00135,gpu-node-06,/ckpt/team-20/job-00135/step-000331,97.1,38,success,
ckpt-000614,2026-04-04T06:32:00Z,job-00141,gpu-node-09,/ckpt/team-03/job-00141/step-000614,114.7,22,success,
ckpt-000615,2026-04-04T08:02:00Z,job-00141,gpu-node-09,/ckpt/team-03/job-00141/step-000615,124.4,31,success,
ckpt-000471,2026-04-04T09:22:00Z,job-00156,gpu-node-01,/ckpt/team-24/job-00156/step-000471,156.3,81,success,
ckpt-000562,2026-04-04T09:29:00Z,job-00155,gpu-node-07,/ckpt/team-11/job-00155/step-000562,40.1,43,success,
ckpt-000212,2026-04-04T10:39:00Z,job-00157,gpu-node-03,/ckpt/team-06/job-00157/step-000212,131.1,55,success,
ckpt-000563,2026-04-04T10:59:00Z,job-00155,gpu-node-07,/ckpt/team-11/job-00155/step-000563,171.0,32,success,
ckpt-000213,2026-04-04T12:09:00Z,job-00157,gpu-node-03,/ckpt/team-06/job-00157/step-000213,154.1,21,success,
ckpt-000564,2026-04-04T12:29:00Z,job-00155,gpu-node-07,/ckpt/team-11/job-00155/step-000564,87.0,53,success,
ckpt-000001,2026-04-04T13:20:00Z,job-00162,gpu-node-08,/ckpt/team-19/job-00162/step-000001,30.8,26,success,
ckpt-000214,2026-04-04T13:39:00Z,job-00157,gpu-node-03,/ckpt/team-06/job-00157/step-000214,20.0,47,success,
ckpt-000002,2026-04-04T13:50:00Z,job-00162,gpu-node-08,/ckpt/team-19/job-00162/step-000002,166.9,13,success,
ckpt-000565,2026-04-04T13:59:00Z,job-00155,gpu-node-07,/ckpt/team-11/job-00155/step-000565,59.9,52,success,
ckpt-000003,2026-04-04T14:20:00Z,job-00162,gpu-node-08,/ckpt/team-19/job-00162/step-000003,151.0,48,success,
ckpt-000004,2026-04-04T14:50:00Z,job-00162,gpu-node-08,/ckpt/team-19/job-00162/step-000004,92.8,64,success,
ckpt-000215,2026-04-04T15:09:00Z,job-00157,gpu-node-03,/ckpt/team-06/job-00157/step-000215,64.9,34,success,
ckpt-000005,2026-04-04T15:20:00Z,job-00162,gpu-node-08,/ckpt/team-19/job-00162/step-000005,45.7,76,success,
ckpt-000006,2026-04-04T15:50:00Z,job-00162,gpu-node-08,/ckpt/team-19/job-00162/step-000006,129.6,50,success,
ckpt-000007,2026-04-04T16:20:00Z,job-00162,gpu-node-08,/ckpt/team-19/job-00162/step-000007,179.1,39,success,
ckpt-000216,2026-04-04T16:39:00Z,job-00157,gpu-node-03,/ckpt/team-06/job-00157/step-000216,148.0,31,success,
ckpt-000008,2026-04-04T16:50:00Z,job-00162,gpu-node-08,/ckpt/team-19/job-00162/step-000008,146.0,75,success,
ckpt-000009,2026-04-04T17:20:00Z,job-00162,gpu-node-08,/ckpt/team-19/job-00162/step-000009,57.3,62,success,
ckpt-000010,2026-04-04T17:50:00Z,job-00162,gpu-node-08,/ckpt/team-19/job-00162/step-000010,76.1,53,success,
ckpt-000011,2026-04-04T18:20:00Z,job-00162,gpu-node-08,/ckpt/team-19/job-00162/step-000011,95.5,53,success,
ckpt-000012,2026-04-04T18:50:00Z,job-00162,gpu-node-08,/ckpt/team-19/job-00162/step-000012,158.4,60,success,
ckpt-000013,2026-04-04T19:20:00Z,job-00162,gpu-node-08,/ckpt/team-19/job-00162/step-000013,129.3,46,success,
ckpt-000501,2026-04-04T19:34:00Z,job-00195,gpu-node-11,/ckpt/team-14/job-00195/step-000501,133.1,49,success,
ckpt-000014,2026-04-04T19:50:00Z,job-00162,gpu-node-08,/ckpt/team-19/job-00162/step-000014,129.6,28,success,
ckpt-000502,2026-04-04T20:19:00Z,job-00195,gpu-node-11,/ckpt/team-14/job-00195/step-000502,86.2,42,success,
ckpt-000015,2026-04-04T20:20:00Z,job-00162,gpu-node-08,/ckpt/team-19/job-00162/step-000015,15.8,61,success,
ckpt-000016,2026-04-04T20:50:00Z,job-00162,gpu-node-08,/ckpt/team-19/job-00162/step-000016,151.2,47,success,
ckpt-000503,2026-04-04T21:04:00Z,job-00195,gpu-node-11,/ckpt/team-14/job-00195/step-000503,34.6,54,success,
ckpt-000017,2026-04-04T21:20:00Z,job-00162,gpu-node-08,/ckpt/team-19/job-00162/step-000017,60.9,46,success,
ckpt-000504,2026-04-04T21:49:00Z,job-00195,gpu-node-11,/ckpt/team-14/job-00195/step-000504,55.5,48,success,
ckpt-000018,2026-04-04T21:50:00Z,job-00162,gpu-node-08,/ckpt/team-19/job-00162/step-000018,81.6,50,success,
ckpt-000019,2026-04-04T22:20:00Z,job-00162,gpu-node-08,/ckpt/team-19/job-00162/step-000019,78.1,60,success,
ckpt-000505,2026-04-04T22:34:00Z,job-00195,gpu-node-11,/ckpt/team-14/job-00195/step-000505,99.1,50,success,
ckpt-000020,2026-04-04T22:50:00Z,job-00162,gpu-node-08,/ckpt/team-19/job-00162/step-000020,40.8,67,success,
ckpt-000506,2026-04-04T23:19:00Z,job-00195,gpu-node-11,/ckpt/team-14/job-00195/step-000506,68.5,42,success,
ckpt-000021,2026-04-04T23:20:00Z,job-00162,gpu-node-08,/ckpt/team-19/job-00162/step-000021,164.1,32,success,
ckpt-000022,2026-04-04T23:50:00Z,job-00162,gpu-node-08,/ckpt/team-19/job-00162/step-000022,32.8,49,success,
ckpt-000507,2026-04-05T00:04:00Z,job-00195,gpu-node-11,/ckpt/team-14/job-00195/step-000507,141.4,59,success,
ckpt-000508,2026-04-05T00:49:00Z,job-00195,gpu-node-11,/ckpt/team-14/job-00195/step-000508,120.1,43,success,
ckpt-000357,2026-04-05T07:05:00Z,job-00235,gpu-node-11,/ckpt/team-10/job-00235/step-000357,78.3,47,success,
ckpt-000358,2026-04-05T07:35:00Z,job-00235,gpu-node-11,/ckpt/team-10/job-00235/step-000358,94.2,22,success,
ckpt-000359,2026-04-05T08:05:00Z,job-00235,gpu-node-11,/ckpt/team-10/job-00235/step-000359,40.1,34,success,
ckpt-000360,2026-04-05T08:35:00Z,job-00235,gpu-node-11,/ckpt/team-10/job-00235/step-000360,58.5,33,success,
ckpt-000361,2026-04-05T09:05:00Z,job-00235,gpu-node-11,/ckpt/team-10/job-00235/step-000361,105.0,47,success,
ckpt-000362,2026-04-05T09:35:00Z,job-00235,gpu-node-11,/ckpt/team-10/job-00235/step-000362,117.4,72,success,
ckpt-000363,2026-04-05T10:05:00Z,job-00235,gpu-node-11,/ckpt/team-10/job-00235/step-000363,107.9,45,success,
ckpt-000364,2026-04-05T10:35:00Z,job-00235,gpu-node-11,/ckpt/team-10/job-00235/step-000364,58.7,45,success,
ckpt-000093,2026-04-05T10:40:00Z,job-00240,gpu-node-08,/ckpt/team-12/job-00240/step-000093,58.7,23,success,
ckpt-000365,2026-04-05T11:05:00Z,job-00235,gpu-node-11,/ckpt/team-10/job-00235/step-000365,49.4,38,success,
ckpt-000094,2026-04-05T11:10:00Z,job-00240,gpu-node-08,/ckpt/team-12/job-00240/step-000094,79.4,50,success,
ckpt-000366,2026-04-05T11:35:00Z,job-00235,gpu-node-11,/ckpt/team-10/job-00235/step-000366,79.7,55,success,
ckpt-000095,2026-04-05T11:40:00Z,job-00240,gpu-node-08,/ckpt/team-12/job-00240/step-000095,95.3,54,success,
ckpt-000367,2026-04-05T12:05:00Z,job-00235,gpu-node-11,/ckpt/team-10/job-00235/step-000367,45.5,32,success,
ckpt-000096,2026-04-05T12:10:00Z,job-00240,gpu-node-08,/ckpt/team-12/job-00240/step-000096,178.9,69,success,
ckpt-000368,2026-04-05T12:35:00Z,job-00235,gpu-node-11,/ckpt/team-10/job-00235/step-000368,29.1,40,success,
ckpt-000097,2026-04-05T12:40:00Z,job-00240,gpu-node-08,/ckpt/team-12/job-00240/step-000097,122.9,24,success,
ckpt-000369,2026-04-05T13:05:00Z,job-00235,gpu-node-11,/ckpt/team-10/job-00235/step-000369,171.5,45,success,
ckpt-000098,2026-04-05T13:10:00Z,job-00240,gpu-node-08,/ckpt/team-12/job-00240/step-000098,43.2,68,success,
ckpt-000370,2026-04-05T13:35:00Z,job-00235,gpu-node-11,/ckpt/team-10/job-00235/step-000370,76.8,73,success,
ckpt-000099,2026-04-05T13:40:00Z,job-00240,gpu-node-08,/ckpt/team-12/job-00240/step-000099,137.6,38,success,
ckpt-000100,2026-04-05T14:10:00Z,job-00240,gpu-node-08,/ckpt/team-12/job-00240/step-000100,50.3,53,success,
ckpt-000101,2026-04-05T14:40:00Z,job-00240,gpu-node-08,/ckpt/team-12/job-00240/step-000101,95.0,26,success,
ckpt-000102,2026-04-05T15:10:00Z,job-00240,gpu-node-08,/ckpt/team-12/job-00240/step-000102,149.8,57,success,
ckpt-000103,2026-04-05T15:40:00Z,job-00240,gpu-node-08,/ckpt/team-12/job-00240/step-000103,145.3,42,success,
ckpt-000104,2026-04-05T16:10:00Z,job-00240,gpu-node-08,/ckpt/team-12/job-00240/step-000104,22.6,41,success,
ckpt-000604,2026-04-05T16:15:00Z,job-00252,gpu-node-03,/ckpt/team-10/job-00252/step-000604,23.7,51,success,
ckpt-000105,2026-04-05T16:40:00Z,job-00240,gpu-node-08,/ckpt/team-12/job-00240/step-000105,148.3,32,success,
ckpt-000256,2026-04-05T16:44:00Z,job-00251,gpu-node-01,/ckpt/team-05/job-00251/step-000256,108.4,61,success,
ckpt-000605,2026-04-05T17:00:00Z,job-00252,gpu-node-03,/ckpt/team-10/job-00252/step-000605,81.9,61,success,
ckpt-000257,2026-04-05T17:44:00Z,job-00251,gpu-node-01,/ckpt/team-05/job-00251/step-000257,114.8,55,success,
ckpt-000606,2026-04-05T17:45:00Z,job-00252,gpu-node-03,/ckpt/team-10/job-00252/step-000606,47.0,53,success,
ckpt-000607,2026-04-05T18:30:00Z,job-00252,gpu-node-03,/ckpt/team-10/job-00252/step-000607,119.3,28,success,
ckpt-000258,2026-04-05T18:44:00Z,job-00251,gpu-node-01,/ckpt/team-05/job-00251/step-000258,162.9,43,success,
ckpt-000142,2026-04-05T19:04:00Z,job-00256,gpu-node-09,/ckpt/team-04/job-00256/step-000142,95.2,47,success,
ckpt-000259,2026-04-05T19:44:00Z,job-00251,gpu-node-01,/ckpt/team-05/job-00251/step-000259,80.1,71,success,
ckpt-000260,2026-04-05T20:44:00Z,job-00251,gpu-node-01,/ckpt/team-05/job-00251/step-000260,42.9,6,success,
ckpt-000261,2026-04-05T21:44:00Z,job-00251,gpu-node-01,/ckpt/team-05/job-00251/step-000261,163.9,24,success,
ckpt-000106,2026-04-05T21:48:00Z,job-00266,gpu-node-09,/ckpt/team-06/job-00266/step-000106,30.7,26,success,
ckpt-000107,2026-04-05T22:18:00Z,job-00266,gpu-node-09,/ckpt/team-06/job-00266/step-000107,118.2,37,success,
ckpt-000262,2026-04-05T22:44:00Z,job-00251,gpu-node-01,/ckpt/team-05/job-00251/step-000262,91.1,60,success,
ckpt-000108,2026-04-05T22:48:00Z,job-00266,gpu-node-09,/ckpt/team-06/job-00266/step-000108,46.8,26,success,
ckpt-000109,2026-04-05T23:18:00Z,job-00266,gpu-node-09,/ckpt/team-06/job-00266/step-000109,60.6,25,success,
ckpt-000110,2026-04-05T23:48:00Z,job-00266,gpu-node-09,/ckpt/team-06/job-00266/step-000110,53.7,43,success,
ckpt-000143,2026-04-06T00:06:00Z,job-00270,gpu-node-10,/ckpt/team-15/job-00270/step-000143,72.4,49,success,
ckpt-000111,2026-04-06T00:18:00Z,job-00266,gpu-node-09,/ckpt/team-06/job-00266/step-000111,78.2,32,success,
ckpt-000112,2026-04-06T00:48:00Z,job-00266,gpu-node-09,/ckpt/team-06/job-00266/step-000112,98.9,55,success,
ckpt-000144,2026-04-06T01:06:00Z,job-00270,gpu-node-10,/ckpt/team-15/job-00270/step-000144,51.4,69,success,
ckpt-000113,2026-04-06T01:18:00Z,job-00266,gpu-node-09,/ckpt/team-06/job-00266/step-000113,161.2,25,success,
ckpt-000114,2026-04-06T01:48:00Z,job-00266,gpu-node-09,/ckpt/team-06/job-00266/step-000114,174.0,4,success,
ckpt-000145,2026-04-06T02:06:00Z,job-00270,gpu-node-10,/ckpt/team-15/job-00270/step-000145,12.2,31,success,
ckpt-000622,2026-04-06T02:12:00Z,job-00265,gpu-node-02,/ckpt/team-21/job-00265/failure-000622,189.4,346,timeout,checkpoint_write_timeout
ckpt-000115,2026-04-06T02:18:00Z,job-00266,gpu-node-09,/ckpt/team-06/job-00266/step-000115,96.4,302,timeout,checkpoint_write_timeout
ckpt-000116,2026-04-06T02:48:00Z,job-00266,gpu-node-09,/ckpt/team-06/job-00266/step-000116,77.8,387,timeout,checkpoint_write_timeout
ckpt-000332,2026-04-06T02:53:00Z,job-00275,gpu-node-11,/ckpt/team-23/job-00275/step-000332,82.8,277,timeout,checkpoint_write_timeout
ckpt-000623,2026-04-06T03:00:00Z,job-00278,gpu-node-04,/ckpt/team-20/job-00278/failure-000623,163.9,293,timeout,checkpoint_write_timeout
ckpt-000146,2026-04-06T03:06:00Z,job-00270,gpu-node-10,/ckpt/team-15/job-00270/step-000146,144.0,15,success,
ckpt-000117,2026-04-06T03:18:00Z,job-00266,gpu-node-09,/ckpt/team-06/job-00266/step-000117,75.7,53,success,
ckpt-000621,2026-04-06T03:26:00Z,job-00260,gpu-node-05,/ckpt/team-10/job-00260/failure-000621,106.6,311,timeout,checkpoint_write_timeout
ckpt-000624,2026-04-06T03:27:00Z,job-00267,gpu-node-06,/ckpt/team-10/job-00267/failure-000624,94.4,304,timeout,checkpoint_write_timeout
ckpt-000118,2026-04-06T03:48:00Z,job-00266,gpu-node-09,/ckpt/team-06/job-00266/step-000118,164.5,43,success,
ckpt-000147,2026-04-06T04:06:00Z,job-00270,gpu-node-10,/ckpt/team-15/job-00270/step-000147,115.7,27,success,
ckpt-000119,2026-04-06T04:18:00Z,job-00266,gpu-node-09,/ckpt/team-06/job-00266/step-000119,21.1,52,success,
ckpt-000333,2026-04-06T04:23:00Z,job-00275,gpu-node-11,/ckpt/team-23/job-00275/step-000333,42.6,41,success,
ckpt-000120,2026-04-06T04:48:00Z,job-00266,gpu-node-09,/ckpt/team-06/job-00266/step-000120,18.6,40,success,
ckpt-000148,2026-04-06T05:06:00Z,job-00270,gpu-node-10,/ckpt/team-15/job-00270/step-000148,39.2,57,success,
ckpt-000121,2026-04-06T05:18:00Z,job-00266,gpu-node-09,/ckpt/team-06/job-00266/step-000121,94.8,45,success,
ckpt-000122,2026-04-06T05:48:00Z,job-00266,gpu-node-09,/ckpt/team-06/job-00266/step-000122,90.8,69,success,
ckpt-000334,2026-04-06T05:53:00Z,job-00275,gpu-node-11,/ckpt/team-23/job-00275/step-000334,103.0,67,success,
ckpt-000123,2026-04-06T06:18:00Z,job-00266,gpu-node-09,/ckpt/team-06/job-00266/step-000123,105.3,46,success,
ckpt-000124,2026-04-06T06:48:00Z,job-00266,gpu-node-09,/ckpt/team-06/job-00266/step-000124,113.9,20,success,
ckpt-000125,2026-04-06T07:18:00Z,job-00266,gpu-node-09,/ckpt/team-06/job-00266/step-000125,116.4,31,success,
ckpt-000335,2026-04-06T07:23:00Z,job-00275,gpu-node-11,/ckpt/team-23/job-00275/step-000335,18.3,70,success,
ckpt-000518,2026-04-06T07:42:00Z,job-00285,gpu-node-01,/ckpt/team-03/job-00285/step-000518,24.9,36,success,
ckpt-000126,2026-04-06T07:48:00Z,job-00266,gpu-node-09,/ckpt/team-06/job-00266/step-000126,151.1,40,success,
ckpt-000519,2026-04-06T08:12:00Z,job-00285,gpu-node-01,/ckpt/team-03/job-00285/step-000519,21.2,40,success,
ckpt-000127,2026-04-06T08:18:00Z,job-00266,gpu-node-09,/ckpt/team-06/job-00266/step-000127,12.6,18,success,
ckpt-000520,2026-04-06T08:42:00Z,job-00285,gpu-node-01,/ckpt/team-03/job-00285/step-000520,75.6,32,success,
ckpt-000128,2026-04-06T08:48:00Z,job-00266,gpu-node-09,/ckpt/team-06/job-00266/step-000128,157.6,49,success,
ckpt-000521,2026-04-06T09:12:00Z,job-00285,gpu-node-01,/ckpt/team-03/job-00285/step-000521,51.3,38,success,
ckpt-000129,2026-04-06T09:18:00Z,job-00266,gpu-node-09,/ckpt/team-06/job-00266/step-000129,88.7,37,success,
ckpt-000522,2026-04-06T09:42:00Z,job-00285,gpu-node-01,/ckpt/team-03/job-00285/step-000522,19.3,37,success,
ckpt-000130,2026-04-06T09:48:00Z,job-00266,gpu-node-09,/ckpt/team-06/job-00266/step-000130,137.3,47,success,
ckpt-000523,2026-04-06T10:12:00Z,job-00285,gpu-node-01,/ckpt/team-03/job-00285/step-000523,32.8,57,success,
ckpt-000449,2026-04-06T10:13:00Z,job-00288,gpu-node-02,/ckpt/team-21/job-00288/step-000449,151.9,44,success,
ckpt-000131,2026-04-06T10:18:00Z,job-00266,gpu-node-09,/ckpt/team-06/job-00266/step-000131,135.6,4,success,
ckpt-000524,2026-04-06T10:42:00Z,job-00285,gpu-node-01,/ckpt/team-03/job-00285/step-000524,128.9,23,success,
ckpt-000450,2026-04-06T10:43:00Z,job-00288,gpu-node-02,/ckpt/team-21/job-00288/step-000450,16.7,56,success,
ckpt-000132,2026-04-06T10:48:00Z,job-00266,gpu-node-09,/ckpt/team-06/job-00266/step-000132,155.0,38,success,
ckpt-000525,2026-04-06T11:12:00Z,job-00285,gpu-node-01,/ckpt/team-03/job-00285/step-000525,26.1,45,success,
ckpt-000451,2026-04-06T11:13:00Z,job-00288,gpu-node-02,/ckpt/team-21/job-00288/step-000451,155.1,73,success,
ckpt-000133,2026-04-06T11:18:00Z,job-00266,gpu-node-09,/ckpt/team-06/job-00266/step-000133,47.1,42,success,
ckpt-000526,2026-04-06T11:42:00Z,job-00285,gpu-node-01,/ckpt/team-03/job-00285/step-000526,65.3,30,success,
ckpt-000452,2026-04-06T11:43:00Z,job-00288,gpu-node-02,/ckpt/team-21/job-00288/step-000452,147.0,60,success,
ckpt-000134,2026-04-06T11:48:00Z,job-00266,gpu-node-09,/ckpt/team-06/job-00266/step-000134,71.3,58,success,
ckpt-000527,2026-04-06T12:12:00Z,job-00285,gpu-node-01,/ckpt/team-03/job-00285/step-000527,98.3,77,success,
ckpt-000453,2026-04-06T12:13:00Z,job-00288,gpu-node-02,/ckpt/team-21/job-00288/step-000453,166.5,56,success,
ckpt-000528,2026-04-06T12:42:00Z,job-00285,gpu-node-01,/ckpt/team-03/job-00285/step-000528,15.1,15,success,
ckpt-000454,2026-04-06T12:43:00Z,job-00288,gpu-node-02,/ckpt/team-21/job-00288/step-000454,59.3,42,success,
ckpt-000529,2026-04-06T13:12:00Z,job-00285,gpu-node-01,/ckpt/team-03/job-00285/step-000529,85.2,26,success,
ckpt-000455,2026-04-06T13:13:00Z,job-00288,gpu-node-02,/ckpt/team-21/job-00288/step-000455,43.5,34,success,
ckpt-000530,2026-04-06T13:42:00Z,job-00285,gpu-node-01,/ckpt/team-03/job-00285/step-000530,90.5,45,success,
ckpt-000456,2026-04-06T13:43:00Z,job-00288,gpu-node-02,/ckpt/team-21/job-00288/step-000456,30.7,27,success,
ckpt-000531,2026-04-06T14:12:00Z,job-00285,gpu-node-01,/ckpt/team-03/job-00285/step-000531,56.7,65,success,
ckpt-000457,2026-04-06T14:13:00Z,job-00288,gpu-node-02,/ckpt/team-21/job-00288/step-000457,100.3,31,success,
ckpt-000532,2026-04-06T14:42:00Z,job-00285,gpu-node-01,/ckpt/team-03/job-00285/step-000532,171.9,77,success,
ckpt-000458,2026-04-06T14:43:00Z,job-00288,gpu-node-02,/ckpt/team-21/job-00288/step-000458,119.4,38,success,
ckpt-000533,2026-04-06T15:12:00Z,job-00285,gpu-node-01,/ckpt/team-03/job-00285/step-000533,18.2,39,success,
ckpt-000459,2026-04-06T15:13:00Z,job-00288,gpu-node-02,/ckpt/team-21/job-00288/step-000459,97.1,36,success,
ckpt-000534,2026-04-06T15:42:00Z,job-00285,gpu-node-01,/ckpt/team-03/job-00285/step-000534,135.0,26,success,
ckpt-000460,2026-04-06T15:43:00Z,job-00288,gpu-node-02,/ckpt/team-21/job-00288/step-000460,118.8,26,success,
ckpt-000535,2026-04-06T16:12:00Z,job-00285,gpu-node-01,/ckpt/team-03/job-00285/step-000535,130.9,32,success,
ckpt-000461,2026-04-06T16:13:00Z,job-00288,gpu-node-02,/ckpt/team-21/job-00288/step-000461,31.3,20,success,
ckpt-000536,2026-04-06T16:42:00Z,job-00285,gpu-node-01,/ckpt/team-03/job-00285/step-000536,31.9,49,success,
ckpt-000462,2026-04-06T16:43:00Z,job-00288,gpu-node-02,/ckpt/team-21/job-00288/step-000462,86.2,56,success,
ckpt-000537,2026-04-06T17:12:00Z,job-00285,gpu-node-01,/ckpt/team-03/job-00285/step-000537,88.6,20,success,
ckpt-000463,2026-04-06T17:13:00Z,job-00288,gpu-node-02,/ckpt/team-21/job-00288/step-000463,102.7,36,success,
ckpt-000538,2026-04-06T17:42:00Z,job-00285,gpu-node-01,/ckpt/team-03/job-00285/step-000538,21.4,56,success,
ckpt-000539,2026-04-06T18:12:00Z,job-00285,gpu-node-01,/ckpt/team-03/job-00285/step-000539,67.6,55,success,
ckpt-000540,2026-04-06T18:42:00Z,job-00285,gpu-node-01,/ckpt/team-03/job-00285/step-000540,66.2,44,success,
ckpt-000541,2026-04-06T19:12:00Z,job-00285,gpu-node-01,/ckpt/team-03/job-00285/step-000541,41.2,53,success,
ckpt-000495,2026-04-06T22:14:00Z,job-00322,gpu-node-08,/ckpt/team-15/job-00322/step-000495,179.7,30,success,
ckpt-000496,2026-04-06T22:44:00Z,job-00322,gpu-node-08,/ckpt/team-15/job-00322/step-000496,84.1,26,success,
ckpt-000599,2026-04-06T22:47:00Z,job-00328,gpu-node-12,/ckpt/team-22/job-00328/step-000599,53.5,63,success,
ckpt-000497,2026-04-06T23:14:00Z,job-00322,gpu-node-08,/ckpt/team-15/job-00322/step-000497,95.1,51,success,
ckpt-000600,2026-04-06T23:17:00Z,job-00328,gpu-node-12,/ckpt/team-22/job-00328/step-000600,130.0,61,success,
ckpt-000498,2026-04-06T23:44:00Z,job-00322,gpu-node-08,/ckpt/team-15/job-00322/step-000498,17.3,27,success,
ckpt-000405,2026-04-07T00:11:00Z,job-00314,gpu-node-08,/ckpt/team-18/job-00314/step-000405,55.6,22,success,
ckpt-000499,2026-04-07T00:14:00Z,job-00322,gpu-node-08,/ckpt/team-15/job-00322/step-000499,73.3,66,success,
ckpt-000500,2026-04-07T00:44:00Z,job-00322,gpu-node-08,/ckpt/team-15/job-00322/step-000500,83.6,48,success,
ckpt-000406,2026-04-07T01:41:00Z,job-00314,gpu-node-08,/ckpt/team-18/job-00314/step-000406,176.1,35,success,
ckpt-000407,2026-04-07T03:11:00Z,job-00314,gpu-node-08,/ckpt/team-18/job-00314/step-000407,123.6,72,success,
ckpt-000408,2026-04-07T04:41:00Z,job-00314,gpu-node-08,/ckpt/team-18/job-00314/step-000408,143.4,21,success,
ckpt-000286,2026-04-07T09:38:00Z,job-00353,gpu-node-11,/ckpt/team-07/job-00353/step-000286,159.7,4,success,
ckpt-000287,2026-04-07T10:08:00Z,job-00353,gpu-node-11,/ckpt/team-07/job-00353/step-000287,98.3,31,success,
ckpt-000288,2026-04-07T10:38:00Z,job-00353,gpu-node-11,/ckpt/team-07/job-00353/step-000288,49.4,40,success,
ckpt-000289,2026-04-07T11:08:00Z,job-00353,gpu-node-11,/ckpt/team-07/job-00353/step-000289,57.3,41,success,
ckpt-000181,2026-04-07T14:09:00Z,job-00367,gpu-node-11,/ckpt/team-04/job-00367/step-000181,165.6,32,success,
ckpt-000182,2026-04-07T14:39:00Z,job-00367,gpu-node-11,/ckpt/team-04/job-00367/step-000182,110.7,54,success,
ckpt-000183,2026-04-07T15:09:00Z,job-00367,gpu-node-11,/ckpt/team-04/job-00367/step-000183,40.1,36,success,
ckpt-000184,2026-04-07T15:39:00Z,job-00367,gpu-node-11,/ckpt/team-04/job-00367/step-000184,135.1,20,success,
ckpt-000185,2026-04-07T16:09:00Z,job-00367,gpu-node-11,/ckpt/team-04/job-00367/step-000185,130.4,29,success,
ckpt-000186,2026-04-07T16:39:00Z,job-00367,gpu-node-11,/ckpt/team-04/job-00367/step-000186,73.2,68,success,
ckpt-000187,2026-04-07T17:09:00Z,job-00367,gpu-node-11,/ckpt/team-04/job-00367/step-000187,23.7,36,success,
ckpt-000188,2026-04-07T17:39:00Z,job-00367,gpu-node-11,/ckpt/team-04/job-00367/step-000188,176.4,42,success,
ckpt-000189,2026-04-07T18:09:00Z,job-00367,gpu-node-11,/ckpt/team-04/job-00367/step-000189,178.6,59,success,
ckpt-000190,2026-04-07T18:39:00Z,job-00367,gpu-node-11,/ckpt/team-04/job-00367/step-000190,171.8,25,success,
ckpt-000069,2026-04-07T19:04:00Z,job-00380,gpu-node-09,/ckpt/team-21/job-00380/step-000069,82.9,73,success,
ckpt-000191,2026-04-07T19:09:00Z,job-00367,gpu-node-11,/ckpt/team-04/job-00367/step-000191,23.8,55,success,
ckpt-000192,2026-04-07T19:39:00Z,job-00367,gpu-node-11,/ckpt/team-04/job-00367/step-000192,37.9,45,success,
ckpt-000070,2026-04-07T19:49:00Z,job-00380,gpu-node-09,/ckpt/team-21/job-00380/step-000070,80.8,33,success,
ckpt-000475,2026-04-07T20:01:00Z,job-00381,gpu-node-12,/ckpt/team-07/job-00381/step-000475,46.4,34,success,
ckpt-000193,2026-04-07T20:09:00Z,job-00367,gpu-node-11,/ckpt/team-04/job-00367/step-000193,47.4,40,success,
ckpt-000071,2026-04-07T20:34:00Z,job-00380,gpu-node-09,/ckpt/team-21/job-00380/step-000071,92.7,21,success,
ckpt-000194,2026-04-07T20:39:00Z,job-00367,gpu-node-11,/ckpt/team-04/job-00367/step-000194,174.2,69,success,
ckpt-000476,2026-04-07T20:46:00Z,job-00381,gpu-node-12,/ckpt/team-07/job-00381/step-000476,128.4,64,success,
ckpt-000195,2026-04-07T21:09:00Z,job-00367,gpu-node-11,/ckpt/team-04/job-00367/step-000195,112.4,50,success,
ckpt-000072,2026-04-07T21:19:00Z,job-00380,gpu-node-09,/ckpt/team-21/job-00380/step-000072,20.7,37,success,
ckpt-000477,2026-04-07T21:31:00Z,job-00381,gpu-node-12,/ckpt/team-07/job-00381/step-000477,29.3,50,success,
ckpt-000196,2026-04-07T21:39:00Z,job-00367,gpu-node-11,/ckpt/team-04/job-00367/step-000196,116.9,33,success,
ckpt-000073,2026-04-07T22:04:00Z,job-00380,gpu-node-09,/ckpt/team-21/job-00380/step-000073,90.4,66,success,
ckpt-000197,2026-04-07T22:09:00Z,job-00367,gpu-node-11,/ckpt/team-04/job-00367/step-000197,20.2,48,success,
ckpt-000478,2026-04-07T22:16:00Z,job-00381,gpu-node-12,/ckpt/team-07/job-00381/step-000478,55.7,64,success,
ckpt-000198,2026-04-07T22:39:00Z,job-00367,gpu-node-11,/ckpt/team-04/job-00367/step-000198,35.8,48,success,
ckpt-000479,2026-04-07T23:01:00Z,job-00381,gpu-node-12,/ckpt/team-07/job-00381/step-000479,180.0,7,success,
ckpt-000371,2026-04-07T23:27:00Z,job-00394,gpu-node-10,/ckpt/team-24/job-00394/step-000371,86.6,45,success,
ckpt-000480,2026-04-07T23:46:00Z,job-00381,gpu-node-12,/ckpt/team-07/job-00381/step-000480,166.7,45,success,
ckpt-000372,2026-04-07T23:57:00Z,job-00394,gpu-node-10,/ckpt/team-24/job-00394/step-000372,174.3,52,success,
ckpt-000373,2026-04-08T00:27:00Z,job-00394,gpu-node-10,/ckpt/team-24/job-00394/step-000373,36.6,46,success,
ckpt-000481,2026-04-08T00:31:00Z,job-00381,gpu-node-12,/ckpt/team-07/job-00381/step-000481,74.9,43,success,
ckpt-000374,2026-04-08T00:57:00Z,job-00394,gpu-node-10,/ckpt/team-24/job-00394/step-000374,88.6,24,success,
ckpt-000207,2026-04-08T00:58:00Z,job-00389,gpu-node-04,/ckpt/team-02/job-00389/step-000207,178.0,68,success,
ckpt-000482,2026-04-08T01:16:00Z,job-00381,gpu-node-12,/ckpt/team-07/job-00381/step-000482,132.7,50,success,
ckpt-000375,2026-04-08T01:27:00Z,job-00394,gpu-node-10,/ckpt/team-24/job-00394/step-000375,61.6,45,success,
ckpt-000585,2026-04-08T01:34:00Z,job-00391,gpu-node-04,/ckpt/team-06/job-00391/step-000585,136.1,39,success,
ckpt-000376,2026-04-08T01:57:00Z,job-00394,gpu-node-10,/ckpt/team-24/job-00394/step-000376,34.9,35,success,
ckpt-000586,2026-04-08T02:04:00Z,job-00391,gpu-node-04,/ckpt/team-06/job-00391/step-000586,148.8,36,success,
ckpt-000587,2026-04-08T02:34:00Z,job-00391,gpu-node-04,/ckpt/team-06/job-00391/step-000587,153.7,80,success,
ckpt-000588,2026-04-08T03:04:00Z,job-00391,gpu-node-04,/ckpt/team-06/job-00391/step-000588,149.3,57,success,
ckpt-000589,2026-04-08T03:34:00Z,job-00391,gpu-node-04,/ckpt/team-06/job-00391/step-000589,172.6,37,success,
ckpt-000590,2026-04-08T04:04:00Z,job-00391,gpu-node-04,/ckpt/team-06/job-00391/step-000590,67.4,25,success,
ckpt-000591,2026-04-08T04:34:00Z,job-00391,gpu-node-04,/ckpt/team-06/job-00391/step-000591,70.3,49,success,
ckpt-000510,2026-04-08T07:51:00Z,job-00415,gpu-node-06,/ckpt/team-02/job-00415/step-000510,89.5,8,success,
ckpt-000511,2026-04-08T08:36:00Z,job-00415,gpu-node-06,/ckpt/team-02/job-00415/step-000511,34.5,39,success,
ckpt-000088,2026-04-08T09:18:00Z,job-00416,gpu-node-09,/ckpt/team-07/job-00416/step-000088,24.3,44,success,
ckpt-000512,2026-04-08T09:21:00Z,job-00415,gpu-node-06,/ckpt/team-02/job-00415/step-000512,92.0,13,success,
ckpt-000089,2026-04-08T09:48:00Z,job-00416,gpu-node-09,/ckpt/team-07/job-00416/step-000089,81.1,49,success,
ckpt-000513,2026-04-08T10:06:00Z,job-00415,gpu-node-06,/ckpt/team-02/job-00415/step-000513,94.0,47,success,
ckpt-000090,2026-04-08T10:18:00Z,job-00416,gpu-node-09,/ckpt/team-07/job-00416/step-000090,104.6,62,success,
ckpt-000263,2026-04-08T10:22:00Z,job-00419,gpu-node-12,/ckpt/team-17/job-00419/step-000263,86.3,34,success,
ckpt-000264,2026-04-08T11:22:00Z,job-00419,gpu-node-12,/ckpt/team-17/job-00419/step-000264,162.9,37,success,
ckpt-000610,2026-04-08T12:13:00Z,job-00422,gpu-node-03,/ckpt/team-18/job-00422/step-000610,20.3,40,success,
ckpt-000318,2026-04-08T23:48:00Z,job-00443,gpu-node-11,/ckpt/team-01/job-00443/step-000318,121.8,26,success,
ckpt-000319,2026-04-09T00:18:00Z,job-00443,gpu-node-11,/ckpt/team-01/job-00443/step-000319,147.9,65,success,
ckpt-000150,2026-04-09T01:10:00Z,job-00445,gpu-node-11,/ckpt/team-24/job-00445/step-000150,46.1,54,success,
ckpt-000151,2026-04-09T01:40:00Z,job-00445,gpu-node-11,/ckpt/team-24/job-00445/step-000151,94.8,24,success,
ckpt-000321,2026-04-09T02:18:00Z,job-00446,gpu-node-02,/ckpt/team-23/job-00446/step-000321,38.1,45,success,
ckpt-000322,2026-04-09T03:18:00Z,job-00446,gpu-node-02,/ckpt/team-23/job-00446/step-000322,50.2,57,success,
ckpt-000075,2026-04-09T06:51:00Z,job-00460,gpu-node-04,/ckpt/team-24/job-00460/step-000075,150.6,71,success,
ckpt-000076,2026-04-09T07:36:00Z,job-00460,gpu-node-04,/ckpt/team-24/job-00460/step-000076,25.6,34,success,
ckpt-000542,2026-04-09T08:43:00Z,job-00461,gpu-node-01,/ckpt/team-10/job-00461/step-000542,99.6,25,success,
ckpt-000543,2026-04-09T09:28:00Z,job-00461,gpu-node-01,/ckpt/team-10/job-00461/step-000543,20.0,51,success,
ckpt-000544,2026-04-09T10:13:00Z,job-00461,gpu-node-01,/ckpt/team-10/job-00461/step-000544,46.2,39,success,
ckpt-000545,2026-04-09T10:58:00Z,job-00461,gpu-node-01,/ckpt/team-10/job-00461/step-000545,118.6,41,success,
ckpt-000546,2026-04-09T11:43:00Z,job-00461,gpu-node-01,/ckpt/team-10/job-00461/step-000546,99.5,58,success,
ckpt-000547,2026-04-09T12:28:00Z,job-00461,gpu-node-01,/ckpt/team-10/job-00461/step-000547,92.3,55,success,
ckpt-000548,2026-04-09T13:13:00Z,job-00461,gpu-node-01,/ckpt/team-10/job-00461/step-000548,88.9,44,success,
ckpt-000549,2026-04-09T13:58:00Z,job-00461,gpu-node-01,/ckpt/team-10/job-00461/step-000549,61.7,43,success,
ckpt-000550,2026-04-09T14:43:00Z,job-00461,gpu-node-01,/ckpt/team-10/job-00461/step-000550,64.3,48,success,
ckpt-000551,2026-04-09T15:28:00Z,job-00461,gpu-node-01,/ckpt/team-10/job-00461/step-000551,22.1,53,success,
ckpt-000552,2026-04-09T16:13:00Z,job-00461,gpu-node-01,/ckpt/team-10/job-00461/step-000552,83.6,37,success,
ckpt-000553,2026-04-09T16:58:00Z,job-00461,gpu-node-01,/ckpt/team-10/job-00461/step-000553,152.7,55,success,
ckpt-000554,2026-04-09T17:43:00Z,job-00461,gpu-node-01,/ckpt/team-10/job-00461/step-000554,75.8,43,success,
ckpt-000284,2026-04-09T18:27:00Z,job-00499,gpu-node-04,/ckpt/team-10/job-00499/step-000284,137.0,62,success,
ckpt-000135,2026-04-09T19:10:00Z,job-00500,gpu-node-06,/ckpt/team-16/job-00500/step-000135,135.1,56,success,
ckpt-000285,2026-04-09T19:12:00Z,job-00499,gpu-node-04,/ckpt/team-10/job-00499/step-000285,37.8,53,success,
ckpt-000229,2026-04-09T21:40:00Z,job-00480,gpu-node-10,/ckpt/team-02/job-00480/step-000229,103.0,37,success,
ckpt-000230,2026-04-09T22:10:00Z,job-00480,gpu-node-10,/ckpt/team-02/job-00480/step-000230,81.4,47,success,
ckpt-000231,2026-04-09T22:40:00Z,job-00480,gpu-node-10,/ckpt/team-02/job-00480/step-000231,23.2,30,success,
ckpt-000583,2026-04-09T22:47:00Z,job-00508,gpu-node-12,/ckpt/team-02/job-00508/step-000583,116.6,43,success,
ckpt-000232,2026-04-09T23:10:00Z,job-00480,gpu-node-10,/ckpt/team-02/job-00480/step-000232,94.0,41,success,
ckpt-000340,2026-04-09T23:17:00Z,job-00507,gpu-node-06,/ckpt/team-20/job-00507/step-000340,124.8,35,success,
ckpt-000584,2026-04-09T23:32:00Z,job-00508,gpu-node-12,/ckpt/team-02/job-00508/step-000584,19.9,39,success,
ckpt-000233,2026-04-09T23:40:00Z,job-00480,gpu-node-10,/ckpt/team-02/job-00480/step-000233,99.2,50,success,
ckpt-000341,2026-04-09T23:47:00Z,job-00507,gpu-node-06,/ckpt/team-20/job-00507/step-000341,119.3,47,success,
ckpt-000234,2026-04-10T00:10:00Z,job-00480,gpu-node-10,/ckpt/team-02/job-00480/step-000234,64.4,52,success,
ckpt-000342,2026-04-10T00:17:00Z,job-00507,gpu-node-06,/ckpt/team-20/job-00507/step-000342,64.1,41,success,
ckpt-000235,2026-04-10T00:40:00Z,job-00480,gpu-node-10,/ckpt/team-02/job-00480/step-000235,47.1,64,success,
ckpt-000343,2026-04-10T00:47:00Z,job-00507,gpu-node-06,/ckpt/team-20/job-00507/step-000343,103.8,58,success,
ckpt-000236,2026-04-10T01:10:00Z,job-00480,gpu-node-10,/ckpt/team-02/job-00480/step-000236,57.6,58,success,
ckpt-000344,2026-04-10T01:17:00Z,job-00507,gpu-node-06,/ckpt/team-20/job-00507/step-000344,34.5,61,success,
ckpt-000237,2026-04-10T01:40:00Z,job-00480,gpu-node-10,/ckpt/team-02/job-00480/step-000237,88.4,60,success,
ckpt-000345,2026-04-10T01:47:00Z,job-00507,gpu-node-06,/ckpt/team-20/job-00507/step-000345,123.1,31,success,
ckpt-000238,2026-04-10T02:10:00Z,job-00480,gpu-node-10,/ckpt/team-02/job-00480/step-000238,66.4,50,success,
ckpt-000304,2026-04-10T02:13:00Z,job-00512,gpu-node-02,/ckpt/team-23/job-00512/step-000304,132.0,42,success,
ckpt-000346,2026-04-10T02:17:00Z,job-00507,gpu-node-06,/ckpt/team-20/job-00507/step-000346,44.1,44,success,
ckpt-000239,2026-04-10T02:40:00Z,job-00480,gpu-node-10,/ckpt/team-02/job-00480/step-000239,71.3,26,success,
ckpt-000347,2026-04-10T02:47:00Z,job-00507,gpu-node-06,/ckpt/team-20/job-00507/step-000347,82.8,70,success,
ckpt-000348,2026-04-10T03:17:00Z,job-00507,gpu-node-06,/ckpt/team-20/job-00507/step-000348,161.9,75,success,
ckpt-000305,2026-04-10T03:43:00Z,job-00512,gpu-node-02,/ckpt/team-23/job-00512/step-000305,128.7,15,success,
ckpt-000349,2026-04-10T03:47:00Z,job-00507,gpu-node-06,/ckpt/team-20/job-00507/step-000349,166.6,37,success,
ckpt-000350,2026-04-10T04:17:00Z,job-00507,gpu-node-06,/ckpt/team-20/job-00507/step-000350,93.8,44,success,
ckpt-000351,2026-04-10T04:47:00Z,job-00507,gpu-node-06,/ckpt/team-20/job-00507/step-000351,65.4,53,success,
ckpt-000306,2026-04-10T05:13:00Z,job-00512,gpu-node-02,/ckpt/team-23/job-00512/step-000306,175.0,44,success,
ckpt-000352,2026-04-10T05:17:00Z,job-00507,gpu-node-06,/ckpt/team-20/job-00507/step-000352,83.4,27,success,
ckpt-000353,2026-04-10T05:47:00Z,job-00507,gpu-node-06,/ckpt/team-20/job-00507/step-000353,101.6,33,success,
ckpt-000354,2026-04-10T06:17:00Z,job-00507,gpu-node-06,/ckpt/team-20/job-00507/step-000354,168.7,29,success,
ckpt-000307,2026-04-10T06:43:00Z,job-00512,gpu-node-02,/ckpt/team-23/job-00512/step-000307,81.9,23,success,
ckpt-000355,2026-04-10T06:47:00Z,job-00507,gpu-node-06,/ckpt/team-20/job-00507/step-000355,50.3,22,success,
ckpt-000356,2026-04-10T07:17:00Z,job-00507,gpu-node-06,/ckpt/team-20/job-00507/step-000356,79.0,83,success,
ckpt-000308,2026-04-10T08:13:00Z,job-00512,gpu-node-02,/ckpt/team-23/job-00512/step-000308,16.2,44,success,
ckpt-000309,2026-04-10T09:43:00Z,job-00512,gpu-node-02,/ckpt/team-23/job-00512/step-000309,120.9,43,success,
ckpt-000199,2026-04-10T09:52:00Z,job-00532,gpu-node-05,/ckpt/team-06/job-00532/step-000199,93.8,20,success,
ckpt-000200,2026-04-10T10:22:00Z,job-00532,gpu-node-05,/ckpt/team-06/job-00532/step-000200,15.2,15,success,
ckpt-000201,2026-04-10T10:52:00Z,job-00532,gpu-node-05,/ckpt/team-06/job-00532/step-000201,163.9,10,success,
ckpt-000202,2026-04-10T11:22:00Z,job-00532,gpu-node-05,/ckpt/team-06/job-00532/step-000202,154.3,74,success,
ckpt-000203,2026-04-10T11:52:00Z,job-00532,gpu-node-05,/ckpt/team-06/job-00532/step-000203,93.4,33,success,
ckpt-000204,2026-04-10T12:22:00Z,job-00532,gpu-node-05,/ckpt/team-06/job-00532/step-000204,107.6,73,success,
ckpt-000205,2026-04-10T12:52:00Z,job-00532,gpu-node-05,/ckpt/team-06/job-00532/step-000205,177.8,62,success,
ckpt-000206,2026-04-10T13:22:00Z,job-00532,gpu-node-05,/ckpt/team-06/job-00532/step-000206,139.2,58,success,
ckpt-000392,2026-04-10T15:43:00Z,job-00541,gpu-node-03,/ckpt/team-19/job-00541/step-000392,83.3,22,success,
ckpt-000393,2026-04-10T16:13:00Z,job-00541,gpu-node-03,/ckpt/team-19/job-00541/step-000393,39.9,9,success,
ckpt-000394,2026-04-10T16:43:00Z,job-00541,gpu-node-03,/ckpt/team-19/job-00541/step-000394,148.0,63,success,
ckpt-000395,2026-04-10T17:13:00Z,job-00541,gpu-node-03,/ckpt/team-19/job-00541/step-000395,92.7,44,success,
ckpt-000396,2026-04-10T17:43:00Z,job-00541,gpu-node-03,/ckpt/team-19/job-00541/step-000396,138.4,36,success,
ckpt-000397,2026-04-10T18:13:00Z,job-00541,gpu-node-03,/ckpt/team-19/job-00541/step-000397,51.9,53,success,
ckpt-000398,2026-04-10T18:43:00Z,job-00541,gpu-node-03,/ckpt/team-19/job-00541/step-000398,70.2,54,success,
ckpt-000399,2026-04-10T19:13:00Z,job-00541,gpu-node-03,/ckpt/team-19/job-00541/step-000399,75.5,36,success,
ckpt-000446,2026-04-10T19:38:00Z,job-00551,gpu-node-05,/ckpt/team-13/job-00551/step-000446,141.7,23,success,
ckpt-000400,2026-04-10T19:43:00Z,job-00541,gpu-node-03,/ckpt/team-19/job-00541/step-000400,92.7,50,success,
ckpt-000447,2026-04-10T20:08:00Z,job-00551,gpu-node-05,/ckpt/team-13/job-00551/step-000447,35.5,48,success,
ckpt-000401,2026-04-10T20:13:00Z,job-00541,gpu-node-03,/ckpt/team-19/job-00541/step-000401,103.9,47,success,
ckpt-000448,2026-04-10T20:38:00Z,job-00551,gpu-node-05,/ckpt/team-13/job-00551/step-000448,121.1,46,success,
ckpt-000078,2026-04-11T03:01:00Z,job-00567,gpu-node-06,/ckpt/team-08/job-00567/step-000078,172.8,41,success,
ckpt-000046,2026-04-11T03:19:00Z,job-00572,gpu-node-09,/ckpt/team-12/job-00572/step-000046,124.6,56,success,
ckpt-000079,2026-04-11T03:46:00Z,job-00567,gpu-node-06,/ckpt/team-08/job-00567/step-000079,121.4,57,success,
ckpt-000047,2026-04-11T03:49:00Z,job-00572,gpu-node-09,/ckpt/team-12/job-00572/step-000047,132.8,62,success,
ckpt-000048,2026-04-11T04:19:00Z,job-00572,gpu-node-09,/ckpt/team-12/job-00572/step-000048,126.8,51,success,
ckpt-000080,2026-04-11T04:31:00Z,job-00567,gpu-node-06,/ckpt/team-08/job-00567/step-000080,165.0,52,success,
ckpt-000049,2026-04-11T04:49:00Z,job-00572,gpu-node-09,/ckpt/team-12/job-00572/step-000049,51.9,18,success,
ckpt-000081,2026-04-11T05:16:00Z,job-00567,gpu-node-06,/ckpt/team-08/job-00567/step-000081,169.7,34,success,
ckpt-000050,2026-04-11T05:19:00Z,job-00572,gpu-node-09,/ckpt/team-12/job-00572/step-000050,172.4,42,success,
ckpt-000509,2026-04-11T05:26:00Z,job-00573,gpu-node-03,/ckpt/team-04/job-00573/step-000509,43.2,53,success,
ckpt-000051,2026-04-11T05:49:00Z,job-00572,gpu-node-09,/ckpt/team-12/job-00572/step-000051,68.7,64,success,
ckpt-000082,2026-04-11T06:01:00Z,job-00567,gpu-node-06,/ckpt/team-08/job-00567/step-000082,75.9,50,success,
ckpt-000052,2026-04-11T06:19:00Z,job-00572,gpu-node-09,/ckpt/team-12/job-00572/step-000052,66.9,37,success,
ckpt-000083,2026-04-11T06:46:00Z,job-00567,gpu-node-06,/ckpt/team-08/job-00567/step-000083,35.5,33,success,
ckpt-000053,2026-04-11T06:49:00Z,job-00572,gpu-node-09,/ckpt/team-12/job-00572/step-000053,24.3,21,success,
ckpt-000054,2026-04-11T07:19:00Z,job-00572,gpu-node-09,/ckpt/team-12/job-00572/step-000054,38.5,72,success,
ckpt-000084,2026-04-11T07:31:00Z,job-00567,gpu-node-06,/ckpt/team-08/job-00567/step-000084,86.6,42,success,
ckpt-000055,2026-04-11T07:49:00Z,job-00572,gpu-node-09,/ckpt/team-12/job-00572/step-000055,86.6,40,success,
ckpt-000085,2026-04-11T08:16:00Z,job-00567,gpu-node-06,/ckpt/team-08/job-00567/step-000085,178.7,31,success,
ckpt-000056,2026-04-11T08:19:00Z,job-00572,gpu-node-09,/ckpt/team-12/job-00572/step-000056,54.6,37,success,
ckpt-000057,2026-04-11T08:49:00Z,job-00572,gpu-node-09,/ckpt/team-12/job-00572/step-000057,147.3,36,success,
ckpt-000086,2026-04-11T09:01:00Z,job-00567,gpu-node-06,/ckpt/team-08/job-00567/step-000086,81.5,60,success,
ckpt-000058,2026-04-11T09:19:00Z,job-00572,gpu-node-09,/ckpt/team-12/job-00572/step-000058,43.5,53,success,
ckpt-000087,2026-04-11T09:46:00Z,job-00567,gpu-node-06,/ckpt/team-08/job-00567/step-000087,148.8,11,success,
ckpt-000059,2026-04-11T09:49:00Z,job-00572,gpu-node-09,/ckpt/team-12/job-00572/step-000059,44.7,64,success,
ckpt-000060,2026-04-11T10:19:00Z,job-00572,gpu-node-09,/ckpt/team-12/job-00572/step-000060,175.3,58,success,
ckpt-000061,2026-04-11T10:49:00Z,job-00572,gpu-node-09,/ckpt/team-12/job-00572/step-000061,145.6,62,success,
ckpt-000062,2026-04-11T11:19:00Z,job-00572,gpu-node-09,/ckpt/team-12/job-00572/step-000062,51.7,27,success,
ckpt-000063,2026-04-11T11:49:00Z,job-00572,gpu-node-09,/ckpt/team-12/job-00572/step-000063,22.9,25,success,
ckpt-000064,2026-04-11T12:19:00Z,job-00572,gpu-node-09,/ckpt/team-12/job-00572/step-000064,73.4,46,success,
ckpt-000208,2026-04-11T12:30:00Z,job-00587,gpu-node-07,/ckpt/team-06/job-00587/step-000208,136.1,4,success,
ckpt-000065,2026-04-11T12:49:00Z,job-00572,gpu-node-09,/ckpt/team-12/job-00572/step-000065,166.2,52,success,
ckpt-000209,2026-04-11T13:00:00Z,job-00587,gpu-node-07,/ckpt/team-06/job-00587/step-000209,148.5,25,success,
ckpt-000066,2026-04-11T13:19:00Z,job-00572,gpu-node-09,/ckpt/team-12/job-00572/step-000066,86.7,66,success,
ckpt-000210,2026-04-11T13:30:00Z,job-00587,gpu-node-07,/ckpt/team-06/job-00587/step-000210,46.4,45,success,
ckpt-000265,2026-04-11T13:35:00Z,job-00592,gpu-node-02,/ckpt/team-06/job-00592/step-000265,155.9,14,success,
ckpt-000067,2026-04-11T13:49:00Z,job-00572,gpu-node-09,/ckpt/team-12/job-00572/step-000067,158.2,77,success,
ckpt-000211,2026-04-11T14:00:00Z,job-00587,gpu-node-07,/ckpt/team-06/job-00587/step-000211,42.8,44,success,
ckpt-000266,2026-04-11T14:05:00Z,job-00592,gpu-node-02,/ckpt/team-06/job-00592/step-000266,120.8,24,success,
ckpt-000068,2026-04-11T14:19:00Z,job-00572,gpu-node-09,/ckpt/team-12/job-00572/step-000068,168.8,46,success,
ckpt-000267,2026-04-11T14:35:00Z,job-00592,gpu-node-02,/ckpt/team-06/job-00592/step-000267,137.1,31,success,
ckpt-000268,2026-04-11T15:05:00Z,job-00592,gpu-node-02,/ckpt/team-06/job-00592/step-000268,133.1,46,success,
ckpt-000592,2026-04-11T15:06:00Z,job-00593,gpu-node-04,/ckpt/team-18/job-00593/step-000592,172.2,32,success,
ckpt-000269,2026-04-11T15:35:00Z,job-00592,gpu-node-02,/ckpt/team-06/job-00592/step-000269,139.1,58,success,
ckpt-000270,2026-04-11T16:05:00Z,job-00592,gpu-node-02,/ckpt/team-06/job-00592/step-000270,164.2,45,success,
ckpt-000240,2026-04-11T16:27:00Z,job-00590,gpu-node-04,/ckpt/team-03/job-00590/step-000240,17.0,43,success,
ckpt-000271,2026-04-11T16:35:00Z,job-00592,gpu-node-02,/ckpt/team-06/job-00592/step-000271,119.1,73,success,
ckpt-000593,2026-04-11T16:36:00Z,job-00593,gpu-node-04,/ckpt/team-18/job-00593/step-000593,74.7,61,success,
ckpt-000272,2026-04-11T17:05:00Z,job-00592,gpu-node-02,/ckpt/team-06/job-00592/step-000272,107.3,46,success,
ckpt-000241,2026-04-11T17:12:00Z,job-00590,gpu-node-04,/ckpt/team-03/job-00590/step-000241,39.5,31,success,
ckpt-000273,2026-04-11T17:35:00Z,job-00592,gpu-node-02,/ckpt/team-06/job-00592/step-000273,103.4,52,success,
ckpt-000242,2026-04-11T17:57:00Z,job-00590,gpu-node-04,/ckpt/team-03/job-00590/step-000242,169.3,39,success,
ckpt-000274,2026-04-11T18:05:00Z,job-00592,gpu-node-02,/ckpt/team-06/job-00592/step-000274,83.9,74,success,
ckpt-000594,2026-04-11T18:06:00Z,job-00593,gpu-node-04,/ckpt/team-18/job-00593/step-000594,90.1,79,success,
ckpt-000275,2026-04-11T18:35:00Z,job-00592,gpu-node-02,/ckpt/team-06/job-00592/step-000275,84.9,87,success,
ckpt-000243,2026-04-11T18:42:00Z,job-00590,gpu-node-04,/ckpt/team-03/job-00590/step-000243,16.2,37,success,
ckpt-000276,2026-04-11T19:05:00Z,job-00592,gpu-node-02,/ckpt/team-06/job-00592/step-000276,78.9,59,success,
ckpt-000244,2026-04-11T19:27:00Z,job-00590,gpu-node-04,/ckpt/team-03/job-00590/step-000244,100.7,46,success,
ckpt-000043,2026-04-11T19:34:00Z,job-00601,gpu-node-12,/ckpt/team-23/job-00601/step-000043,104.1,8,success,
ckpt-000277,2026-04-11T19:35:00Z,job-00592,gpu-node-02,/ckpt/team-06/job-00592/step-000277,52.4,51,success,
ckpt-000595,2026-04-11T19:36:00Z,job-00593,gpu-node-04,/ckpt/team-18/job-00593/step-000595,141.7,82,success,
ckpt-000278,2026-04-11T20:05:00Z,job-00592,gpu-node-02,/ckpt/team-06/job-00592/step-000278,174.3,45,success,
ckpt-000245,2026-04-11T20:12:00Z,job-00590,gpu-node-04,/ckpt/team-03/job-00590/step-000245,85.2,47,success,
ckpt-000044,2026-04-11T20:34:00Z,job-00601,gpu-node-12,/ckpt/team-23/job-00601/step-000044,149.1,61,success,
ckpt-000279,2026-04-11T20:35:00Z,job-00592,gpu-node-02,/ckpt/team-06/job-00592/step-000279,81.9,40,success,
ckpt-000246,2026-04-11T20:57:00Z,job-00590,gpu-node-04,/ckpt/team-03/job-00590/step-000246,73.1,15,success,
ckpt-000280,2026-04-11T21:05:00Z,job-00592,gpu-node-02,/ckpt/team-06/job-00592/step-000280,55.6,47,success,
ckpt-000045,2026-04-11T21:34:00Z,job-00601,gpu-node-12,/ckpt/team-23/job-00601/step-000045,59.8,35,success,
ckpt-000281,2026-04-11T21:35:00Z,job-00592,gpu-node-02,/ckpt/team-06/job-00592/step-000281,142.8,25,success,
ckpt-000247,2026-04-11T21:42:00Z,job-00590,gpu-node-04,/ckpt/team-03/job-00590/step-000247,169.6,47,success,
ckpt-000282,2026-04-11T22:05:00Z,job-00592,gpu-node-02,/ckpt/team-06/job-00592/step-000282,157.6,40,success,
ckpt-000248,2026-04-11T22:27:00Z,job-00590,gpu-node-04,/ckpt/team-03/job-00590/step-000248,122.1,62,success,
ckpt-000283,2026-04-11T22:35:00Z,job-00592,gpu-node-02,/ckpt/team-06/job-00592/step-000283,71.9,17,success,
ckpt-000249,2026-04-11T23:12:00Z,job-00590,gpu-node-04,/ckpt/team-03/job-00590/step-000249,64.6,34,success,
ckpt-000609,2026-04-12T02:02:00Z,job-00614,gpu-node-01,/ckpt/team-24/job-00614/step-000609,103.1,45,success,
ckpt-000336,2026-04-12T04:09:00Z,job-00616,gpu-node-03,/ckpt/team-10/job-00616/step-000336,154.4,4,success,
ckpt-000217,2026-04-12T11:42:00Z,job-00632,gpu-node-12,/ckpt/team-24/job-00632/step-000217,68.9,44,success,
ckpt-000255,2026-04-12T12:51:00Z,job-00636,gpu-node-04,/ckpt/team-13/job-00636/step-000255,106.4,49,success,
ckpt-000218,2026-04-12T13:12:00Z,job-00632,gpu-node-12,/ckpt/team-24/job-00632/step-000218,108.8,38,success,
ckpt-000219,2026-04-12T14:42:00Z,job-00632,gpu-node-12,/ckpt/team-24/job-00632/step-000219,123.5,12,success,
ckpt-000220,2026-04-12T16:12:00Z,job-00632,gpu-node-12,/ckpt/team-24/job-00632/step-000220,132.8,53,success,
ckpt-000221,2026-04-12T17:42:00Z,job-00632,gpu-node-12,/ckpt/team-24/job-00632/step-000221,24.5,33,success,
ckpt-000483,2026-04-12T18:44:00Z,job-00643,gpu-node-06,/ckpt/team-13/job-00643/step-000483,160.2,63,success,
ckpt-000222,2026-04-12T19:12:00Z,job-00632,gpu-node-12,/ckpt/team-24/job-00632/step-000222,178.6,33,success,
ckpt-000484,2026-04-12T19:44:00Z,job-00643,gpu-node-06,/ckpt/team-13/job-00643/step-000484,127.2,43,success,
ckpt-000223,2026-04-12T20:42:00Z,job-00632,gpu-node-12,/ckpt/team-24/job-00632/step-000223,163.0,41,success,
ckpt-000485,2026-04-12T20:44:00Z,job-00643,gpu-node-06,/ckpt/team-13/job-00643/step-000485,172.0,39,success,
ckpt-000486,2026-04-12T21:44:00Z,job-00643,gpu-node-06,/ckpt/team-13/job-00643/step-000486,48.3,57,success,
ckpt-000616,2026-04-12T21:54:00Z,job-00650,gpu-node-04,/ckpt/team-16/job-00650/step-000616,151.0,45,success,
ckpt-000224,2026-04-12T22:12:00Z,job-00632,gpu-node-12,/ckpt/team-24/job-00632/step-000224,71.7,36,success,
ckpt-000617,2026-04-12T22:39:00Z,job-00650,gpu-node-04,/ckpt/team-16/job-00650/step-000617,73.9,63,success,
ckpt-000487,2026-04-12T22:44:00Z,job-00643,gpu-node-06,/ckpt/team-13/job-00643/step-000487,37.9,29,success,
ckpt-000618,2026-04-12T23:24:00Z,job-00650,gpu-node-04,/ckpt/team-16/job-00650/step-000618,142.2,50,success,
ckpt-000225,2026-04-12T23:42:00Z,job-00632,gpu-node-12,/ckpt/team-24/job-00632/step-000225,119.8,27,success,
ckpt-000488,2026-04-12T23:44:00Z,job-00643,gpu-node-06,/ckpt/team-13/job-00643/step-000488,116.6,30,success,
ckpt-000619,2026-04-13T00:09:00Z,job-00650,gpu-node-04,/ckpt/team-16/job-00650/step-000619,39.3,67,success,
ckpt-000489,2026-04-13T00:44:00Z,job-00643,gpu-node-06,/ckpt/team-13/job-00643/step-000489,115.0,70,success,
ckpt-000620,2026-04-13T00:54:00Z,job-00650,gpu-node-04,/ckpt/team-16/job-00650/step-000620,168.9,65,success,
ckpt-000490,2026-04-13T01:44:00Z,job-00643,gpu-node-06,/ckpt/team-13/job-00643/step-000490,63.2,63,success,
ckpt-000491,2026-04-13T02:44:00Z,job-00643,gpu-node-06,/ckpt/team-13/job-00643/step-000491,166.1,45,success,
ckpt-000492,2026-04-13T03:44:00Z,job-00643,gpu-node-06,/ckpt/team-13/job-00643/step-000492,115.1,23,success,
ckpt-000493,2026-04-13T04:44:00Z,job-00643,gpu-node-06,/ckpt/team-13/job-00643/step-000493,115.6,31,success,
ckpt-000494,2026-04-13T05:44:00Z,job-00643,gpu-node-06,/ckpt/team-13/job-00643/step-000494,113.2,38,success,
ckpt-000039,2026-04-13T09:45:00Z,job-00678,gpu-node-10,/ckpt/team-11/job-00678/step-000039,107.9,22,success,
ckpt-000445,2026-04-13T09:49:00Z,job-00680,gpu-node-09,/ckpt/team-23/job-00680/step-000445,163.2,57,success,
ckpt-000040,2026-04-13T10:45:00Z,job-00678,gpu-node-10,/ckpt/team-11/job-00678/step-000040,40.1,27,success,
ckpt-000470,2026-04-13T11:31:00Z,job-00674,gpu-node-07,/ckpt/team-06/job-00674/step-000470,58.7,48,success,
ckpt-000041,2026-04-13T11:45:00Z,job-00678,gpu-node-10,/ckpt/team-11/job-00678/step-000041,172.2,42,success,
ckpt-000042,2026-04-13T12:45:00Z,job-00678,gpu-node-10,/ckpt/team-11/job-00678/step-000042,31.4,27,success,
ckpt-000091,2026-04-13T13:06:00Z,job-00679,gpu-node-01,/ckpt/team-03/job-00679/step-000091,104.1,55,success,
ckpt-000092,2026-04-13T13:51:00Z,job-00679,gpu-node-01,/ckpt/team-03/job-00679/step-000092,20.9,46,success,
ckpt-000438,2026-04-13T14:43:00Z,job-00694,gpu-node-12,/ckpt/team-03/job-00694/step-000438,49.8,32,success,
ckpt-000310,2026-04-13T15:36:00Z,job-00707,gpu-node-03,/ckpt/team-17/job-00707/step-000310,83.7,59,success,
ckpt-000439,2026-04-13T15:43:00Z,job-00694,gpu-node-12,/ckpt/team-03/job-00694/step-000439,131.4,11,success,
ckpt-000311,2026-04-13T16:06:00Z,job-00707,gpu-node-03,/ckpt/team-17/job-00707/step-000311,47.6,76,success,
ckpt-000312,2026-04-13T16:36:00Z,job-00707,gpu-node-03,/ckpt/team-17/job-00707/step-000312,158.2,40,success,
ckpt-000440,2026-04-13T16:43:00Z,job-00694,gpu-node-12,/ckpt/team-03/job-00694/step-000440,32.5,47,success,
ckpt-000313,2026-04-13T17:06:00Z,job-00707,gpu-node-03,/ckpt/team-17/job-00707/step-000313,157.2,24,success,
ckpt-000314,2026-04-13T17:36:00Z,job-00707,gpu-node-03,/ckpt/team-17/job-00707/step-000314,62.9,47,success,
ckpt-000441,2026-04-13T17:43:00Z,job-00694,gpu-node-12,/ckpt/team-03/job-00694/step-000441,146.3,27,success,
ckpt-000315,2026-04-13T18:06:00Z,job-00707,gpu-node-03,/ckpt/team-17/job-00707/step-000315,70.4,55,success,
ckpt-000077,2026-04-13T18:32:00Z,job-00713,gpu-node-08,/ckpt/team-07/job-00713/step-000077,84.7,69,success,
ckpt-000316,2026-04-13T18:36:00Z,job-00707,gpu-node-03,/ckpt/team-17/job-00707/step-000316,131.1,45,success,
ckpt-000442,2026-04-13T18:43:00Z,job-00694,gpu-node-12,/ckpt/team-03/job-00694/step-000442,76.0,43,success,
ckpt-000317,2026-04-13T19:06:00Z,job-00707,gpu-node-03,/ckpt/team-17/job-00707/step-000317,82.1,58,success,
ckpt-000320,2026-04-13T19:27:00Z,job-00717,gpu-node-04,/ckpt/team-08/job-00717/step-000320,125.2,51,success,
ckpt-000443,2026-04-13T19:43:00Z,job-00694,gpu-node-12,/ckpt/team-03/job-00694/step-000443,55.5,55,success,
ckpt-000444,2026-04-13T20:43:00Z,job-00694,gpu-node-12,/ckpt/team-03/job-00694/step-000444,161.6,46,success,
ckpt-000136,2026-04-13T21:44:00Z,job-00719,gpu-node-12,/ckpt/team-18/job-00719/step-000136,19.2,43,success,
ckpt-000137,2026-04-13T22:14:00Z,job-00719,gpu-node-12,/ckpt/team-18/job-00719/step-000137,80.4,44,success,
ckpt-000409,2026-04-13T22:18:00Z,job-00722,gpu-node-11,/ckpt/team-03/job-00722/step-000409,108.7,44,success,
ckpt-000138,2026-04-13T22:44:00Z,job-00719,gpu-node-12,/ckpt/team-18/job-00719/step-000138,92.7,49,success,
ckpt-000139,2026-04-13T23:14:00Z,job-00719,gpu-node-12,/ckpt/team-18/job-00719/step-000139,49.9,66,success,
ckpt-000162,2026-04-13T23:14:00Z,job-00721,gpu-node-07,/ckpt/team-08/job-00721/step-000162,120.6,63,success,
ckpt-000410,2026-04-13T23:18:00Z,job-00722,gpu-node-11,/ckpt/team-03/job-00722/step-000410,106.3,37,success,
ckpt-000140,2026-04-13T23:44:00Z,job-00719,gpu-node-12,/ckpt/team-18/job-00719/step-000140,150.8,62,success,
ckpt-000163,2026-04-13T23:44:00Z,job-00721,gpu-node-07,/ckpt/team-08/job-00721/step-000163,66.3,65,success,
ckpt-000141,2026-04-14T00:14:00Z,job-00719,gpu-node-12,/ckpt/team-18/job-00719/step-000141,24.5,38,success,
ckpt-000164,2026-04-14T00:14:00Z,job-00721,gpu-node-07,/ckpt/team-08/job-00721/step-000164,31.7,30,success,
ckpt-000411,2026-04-14T00:18:00Z,job-00722,gpu-node-11,/ckpt/team-03/job-00722/step-000411,47.6,58,success,
ckpt-000023,2026-04-14T00:31:00Z,job-00727,gpu-node-02,/ckpt/team-19/job-00727/step-000023,157.7,48,success,
ckpt-000165,2026-04-14T00:44:00Z,job-00721,gpu-node-07,/ckpt/team-08/job-00721/step-000165,58.1,25,success,
ckpt-000166,2026-04-14T01:14:00Z,job-00721,gpu-node-07,/ckpt/team-08/job-00721/step-000166,95.0,63,success,
ckpt-000024,2026-04-14T01:31:00Z,job-00727,gpu-node-02,/ckpt/team-19/job-00727/step-000024,102.3,19,success,
ckpt-000167,2026-04-14T01:44:00Z,job-00721,gpu-node-07,/ckpt/team-08/job-00721/step-000167,13.2,39,success,
ckpt-000168,2026-04-14T02:14:00Z,job-00721,gpu-node-07,/ckpt/team-08/job-00721/step-000168,178.4,32,success,
ckpt-000025,2026-04-14T02:31:00Z,job-00727,gpu-node-02,/ckpt/team-19/job-00727/step-000025,155.5,68,success,
ckpt-000169,2026-04-14T02:44:00Z,job-00721,gpu-node-07,/ckpt/team-08/job-00721/step-000169,76.5,27,success,
ckpt-000170,2026-04-14T03:14:00Z,job-00721,gpu-node-07,/ckpt/team-08/job-00721/step-000170,22.5,38,success,
ckpt-000026,2026-04-14T03:31:00Z,job-00727,gpu-node-02,/ckpt/team-19/job-00727/step-000026,154.6,81,success,
ckpt-000171,2026-04-14T03:44:00Z,job-00721,gpu-node-07,/ckpt/team-08/job-00721/step-000171,173.7,58,success,
ckpt-000172,2026-04-14T04:14:00Z,job-00721,gpu-node-07,/ckpt/team-08/job-00721/step-000172,76.2,18,success,
ckpt-000294,2026-04-14T04:20:00Z,job-00734,gpu-node-09,/ckpt/team-19/job-00734/step-000294,80.5,51,success,
ckpt-000027,2026-04-14T04:31:00Z,job-00727,gpu-node-02,/ckpt/team-19/job-00727/step-000027,128.1,70,success,
ckpt-000173,2026-04-14T04:44:00Z,job-00721,gpu-node-07,/ckpt/team-08/job-00721/step-000173,37.2,49,success,
ckpt-000295,2026-04-14T04:50:00Z,job-00734,gpu-node-09,/ckpt/team-19/job-00734/step-000295,116.0,38,success,
ckpt-000174,2026-04-14T05:14:00Z,job-00721,gpu-node-07,/ckpt/team-08/job-00721/step-000174,112.5,32,success,
ckpt-000296,2026-04-14T05:20:00Z,job-00734,gpu-node-09,/ckpt/team-19/job-00734/step-000296,12.4,52,success,
ckpt-000028,2026-04-14T05:31:00Z,job-00727,gpu-node-02,/ckpt/team-19/job-00727/step-000028,68.7,20,success,
ckpt-000175,2026-04-14T05:44:00Z,job-00721,gpu-node-07,/ckpt/team-08/job-00721/step-000175,124.5,47,success,
ckpt-000297,2026-04-14T05:50:00Z,job-00734,gpu-node-09,/ckpt/team-19/job-00734/step-000297,94.0,59,success,
ckpt-000176,2026-04-14T06:14:00Z,job-00721,gpu-node-07,/ckpt/team-08/job-00721/step-000176,21.0,41,success,
ckpt-000298,2026-04-14T06:20:00Z,job-00734,gpu-node-09,/ckpt/team-19/job-00734/step-000298,112.7,38,success,
ckpt-000029,2026-04-14T06:31:00Z,job-00727,gpu-node-02,/ckpt/team-19/job-00727/step-000029,134.4,34,success,
ckpt-000177,2026-04-14T06:44:00Z,job-00721,gpu-node-07,/ckpt/team-08/job-00721/step-000177,50.5,16,success,
ckpt-000299,2026-04-14T06:50:00Z,job-00734,gpu-node-09,/ckpt/team-19/job-00734/step-000299,132.1,88,success,
ckpt-000178,2026-04-14T07:14:00Z,job-00721,gpu-node-07,/ckpt/team-08/job-00721/step-000178,127.3,50,success,
ckpt-000300,2026-04-14T07:20:00Z,job-00734,gpu-node-09,/ckpt/team-19/job-00734/step-000300,132.2,55,success,
ckpt-000161,2026-04-14T07:24:00Z,job-00742,gpu-node-05,/ckpt/team-18/job-00742/step-000161,154.0,21,success,
ckpt-000030,2026-04-14T07:31:00Z,job-00727,gpu-node-02,/ckpt/team-19/job-00727/step-000030,148.3,47,success,
ckpt-000179,2026-04-14T07:44:00Z,job-00721,gpu-node-07,/ckpt/team-08/job-00721/step-000179,139.9,52,success,
ckpt-000301,2026-04-14T07:50:00Z,job-00734,gpu-node-09,/ckpt/team-19/job-00734/step-000301,99.8,51,success,
ckpt-000180,2026-04-14T08:14:00Z,job-00721,gpu-node-07,/ckpt/team-08/job-00721/step-000180,54.0,70,success,
ckpt-000302,2026-04-14T08:20:00Z,job-00734,gpu-node-09,/ckpt/team-19/job-00734/step-000302,60.5,58,success,
ckpt-000557,2026-04-14T08:41:00Z,job-00743,gpu-node-05,/ckpt/team-08/job-00743/step-000557,139.6,44,success,
ckpt-000303,2026-04-14T08:50:00Z,job-00734,gpu-node-09,/ckpt/team-19/job-00734/step-000303,62.3,41,success,
ckpt-000558,2026-04-14T09:11:00Z,job-00743,gpu-node-05,/ckpt/team-08/job-00743/step-000558,21.0,26,success,
ckpt-000559,2026-04-14T09:41:00Z,job-00743,gpu-node-05,/ckpt/team-08/job-00743/step-000559,82.0,22,success,
ckpt-000560,2026-04-14T10:11:00Z,job-00743,gpu-node-05,/ckpt/team-08/job-00743/step-000560,175.7,20,success,
ckpt-000561,2026-04-14T10:41:00Z,job-00743,gpu-node-05,/ckpt/team-08/job-00743/step-000561,77.7,74,success,
ckpt-000472,2026-04-14T12:54:00Z,job-00748,gpu-node-04,/ckpt/team-16/job-00748/step-000472,25.0,34,success,
ckpt-000473,2026-04-14T13:24:00Z,job-00748,gpu-node-04,/ckpt/team-16/job-00748/step-000473,102.5,34,success,
ckpt-000474,2026-04-14T13:54:00Z,job-00748,gpu-node-04,/ckpt/team-16/job-00748/step-000474,37.3,25,success,
ckpt-000402,2026-04-14T16:33:00Z,job-00760,gpu-node-01,/ckpt/team-17/job-00760/step-000402,82.1,47,success,
ckpt-000293,2026-04-14T17:27:00Z,job-00758,gpu-node-09,/ckpt/team-21/job-00758/step-000293,19.2,55,success,
ckpt-000416,2026-04-14T20:48:00Z,job-00767,gpu-node-04,/ckpt/team-05/job-00767/step-000416,12.8,33,success,
ckpt-000417,2026-04-14T21:33:00Z,job-00767,gpu-node-04,/ckpt/team-05/job-00767/step-000417,120.6,49,success,
ckpt-000415,2026-04-14T21:48:00Z,job-00771,gpu-node-11,/ckpt/team-20/job-00771/step-000415,166.3,34,success,
ckpt-000418,2026-04-14T22:18:00Z,job-00767,gpu-node-04,/ckpt/team-05/job-00767/step-000418,123.7,41,success,
ckpt-000290,2026-04-14T22:45:00Z,job-00770,gpu-node-05,/ckpt/team-04/job-00770/step-000290,125.9,54,success,
ckpt-000419,2026-04-14T23:03:00Z,job-00767,gpu-node-04,/ckpt/team-05/job-00767/step-000419,29.8,39,success,
ckpt-000420,2026-04-14T23:48:00Z,job-00767,gpu-node-04,/ckpt/team-05/job-00767/step-000420,86.6,57,success,
ckpt-000291,2026-04-15T00:15:00Z,job-00770,gpu-node-05,/ckpt/team-04/job-00770/step-000291,72.2,45,success,
ckpt-000421,2026-04-15T00:33:00Z,job-00767,gpu-node-04,/ckpt/team-05/job-00767/step-000421,48.6,54,success,
ckpt-000422,2026-04-15T01:18:00Z,job-00767,gpu-node-04,/ckpt/team-05/job-00767/step-000422,99.9,36,success,
ckpt-000292,2026-04-15T01:45:00Z,job-00770,gpu-node-05,/ckpt/team-04/job-00770/step-000292,176.3,72,success,
ckpt-000423,2026-04-15T02:03:00Z,job-00767,gpu-node-04,/ckpt/team-05/job-00767/step-000423,170.7,60,success,
